x,phylo_names,body_region,ecology,mean_roughness,mean_peak,sd_roughness,sd_peak
1,Adenomera_hylaedactyla,DA,terrestrial_leaflitter,1.21127988,8.388134508,0.33717809,3.767879995
2,Adenomera_hylaedactyla,DP,terrestrial_leaflitter,2.072569469,9.089285293,1.085595149,3.405240616
3,Adenomera_hylaedactyla,VA,terrestrial_leaflitter,1.097625489,5.767041442,0.655666368,2.562183567
4,Adenomera_hylaedactyla,VP,terrestrial_leaflitter,1.32643513,7.749348233,0.56982617,2.950145461
5,Adenomus_kelaartii,DA,terrestrial_torrent,7.471115449,39.24261767,1.676474759,10.95208033
6,Adenomus_kelaartii,DP,terrestrial_torrent,7.426397416,39.83699834,2.300190915,14.18268975
7,Adenomus_kelaartii,VA,terrestrial_torrent,8.454989468,37.61875834,0.856732965,7.773350148
8,Adenomus_kelaartii,VP,terrestrial_torrent,6.085107595,27.91961867,1.014477745,6.571179262
9,Afrixalus_dorsalis,DA,arboreal,2.55571537,16.33040525,1.25717509,4.586148321
10,Afrixalus_dorsalis,DP,arboreal,2.260867738,14.74423742,0.656701334,1.998532137
11,Afrixalus_dorsalis,VA,arboreal,3.650171444,14.2783305,1.095635331,3.619387169
12,Afrixalus_dorsalis,VP,arboreal,3.957673632,16.15401825,0.912781454,3.838951075
13,Agalychnis_callidryas,DA,arboreal,2.513738047,9.673397667,1.352037423,3.740889281
14,Agalychnis_callidryas,DP,arboreal,3.018212358,17.879608,1.931876761,14.45639562
15,Agalychnis_callidryas,VA,arboreal,6.823424814,21.50972133,3.513195999,9.014292782
16,Agalychnis_callidryas,VP,arboreal,6.767246733,20.72446633,3.332360678,7.880288734
17,Alsodes_gargola,DA,semiaquatic,2.270420317,9.160965,0.792305657,2.418661722
18,Alsodes_gargola,DP,semiaquatic,2.419807568,11.27388917,0.389028874,3.033877671
19,Alsodes_gargola,VA,semiaquatic,1.054917484,9.257911285,0.476450992,3.513505
20,Alsodes_gargola,VP,semiaquatic,1.417003441,9.4338755,0.14589672,1.688793821
21,Alsodes_vanzolinii,DA,terrestrial_leaflitter,0.95132866,7.60106515,0.430299922,4.975231032
22,Alsodes_vanzolinii,DP,terrestrial_leaflitter,0.893575401,6.4340315,0.360169943,2.22981849
23,Alsodes_vanzolinii,VA,terrestrial_leaflitter,0.952159528,5.9839229,0.360203814,2.313021054
24,Alsodes_vanzolinii,VP,terrestrial_leaflitter,0.938271406,4.4386583,0.147024585,0.925777243
25,Alsodes_verrucosus,DA,terrestrial_torrent,2.705601951,12.9975545,0.70030652,3.028954084
26,Alsodes_verrucosus,DP,terrestrial_torrent,3.060041634,13.84009167,1.543038324,5.237361862
27,Alsodes_verrucosus,VA,terrestrial_torrent,1.441058777,9.565741069,0.683539432,2.595401613
28,Alsodes_verrucosus,VP,terrestrial_torrent,1.757069998,10.950718,0.907770148,5.636346913
29,Alytes_obstetricans,DA,terrestrial_torrent,3.928313062,15.7642328,2.295543944,5.990035213
30,Alytes_obstetricans,DP,terrestrial_torrent,3.423619318,18.11234821,2.135844897,8.322404355
31,Alytes_obstetricans,VA,terrestrial_torrent,1.517573685,9.549316407,0.646946359,4.34805159
32,Alytes_obstetricans,VP,terrestrial_torrent,2.953142535,11.60431067,0.9434072,4.897495041
33,Ameerega_parvula,DA,terrestrial_torrent,5.583039868,21.98046275,2.475086062,6.580454241
34,Ameerega_parvula,DP,terrestrial_torrent,5.490360323,22.81599683,1.781052791,6.891439634
35,Ameerega_parvula,VA,terrestrial_torrent,2.43919663,13.20610958,1.129594691,9.128824817
36,Ameerega_parvula,VP,terrestrial_torrent,1.663455245,8.211300601,0.489739533,3.144930407
37,Amietia_angolensis,DA,terrestrial_torrent,3.28093976,17.39345969,2.144305555,6.892256956
38,Amietia_angolensis,DP,terrestrial_torrent,1.540442835,10.15922823,0.440327031,2.525619779
39,Amietia_angolensis,VA,terrestrial_torrent,0.882585523,6.347978056,0.118132356,2.222237554
40,Amietia_angolensis,VP,terrestrial_torrent,1.431863553,7.774989333,0.717472582,3.549525726
41,Amnirana_galamensis,DA,terrestrial_torrent,1.043862308,4.426188933,0.90607101,2.143449855
42,Amnirana_galamensis,DP,terrestrial_torrent,3.61125382,13.04563633,1.496121512,6.063058374
43,Amnirana_galamensis,VA,terrestrial_torrent,3.073284084,13.631469,0.830049284,3.383475056
44,Amnirana_galamensis,VP,terrestrial_torrent,2.401833984,10.579676,1.001819637,2.706814099
45,Amolops_hainanensis,DA,semiaquatic,1.928216231,10.09638833,0.539118584,1.371476083
46,Amolops_hainanensis,DP,semiaquatic,2.01978111,11.10837778,0.466499393,2.245159797
47,Amolops_hainanensis,VA,semiaquatic,1.741248714,10.12511655,0.840036396,3.009914963
48,Amolops_hainanensis,VP,semiaquatic,2.207457163,11.57323533,0.927666364,3.509246495
49,Amolops_torrentis,DA,semiaquatic,1.175015446,5.937928525,0.299072739,3.112705196
50,Amolops_torrentis,DP,semiaquatic,1.716243409,9.061759774,0.595437565,3.659115372
51,Amolops_torrentis,VA,semiaquatic,1.33737178,5.430532775,0.982906576,1.963914305
52,Amolops_torrentis,VP,semiaquatic,2.187804196,11.15130078,1.52829664,6.843608544
53,Anodonthyla_moramora,DA,terrestrial_leaflitter,5.081722803,25.42892633,0.627682457,0.556567621
54,Anodonthyla_moramora,DP,terrestrial_leaflitter,4.14391092,13.440101,0.930343124,2.171948048
55,Anodonthyla_moramora,VA,terrestrial_leaflitter,2.513722603,9.321073333,0.392206681,1.433256537
56,Anodonthyla_moramora,VP,terrestrial_leaflitter,2.386965989,11.65755717,0.313533927,3.628947107
57,Ansonia_longidigita,DA,terrestrial_torrent,9.697092265,32.83390233,5.425147627,7.978225275
58,Ansonia_longidigita,DP,terrestrial_torrent,5.322387635,21.89572267,1.870764142,7.917012546
59,Ansonia_longidigita,VA,terrestrial_torrent,8.768815636,41.32055117,1.993758246,12.46881522
60,Ansonia_longidigita,VP,terrestrial_torrent,8.643712519,32.71325567,3.59665765,14.04992166
61,Ansonia_mcgregori,DA,terrestrial_torrent,6.435070476,33.28898911,1.682786968,7.574835085
62,Ansonia_mcgregori,DP,terrestrial_torrent,5.723825269,31.026801,1.585455845,4.926023183
63,Ansonia_mcgregori,VA,terrestrial_torrent,4.106790035,15.01254756,1.860935636,5.12759172
64,Ansonia_mcgregori,VP,terrestrial_torrent,5.22888694,20.38223733,1.208515933,7.412941495
65,Argenteohyla_siemersi,DA,arboreal,2.330901549,10.776547,1.32931399,3.008839915
66,Argenteohyla_siemersi,DP,arboreal,2.01440775,10.29254383,0.822364105,3.414707866
67,Argenteohyla_siemersi,VA,arboreal,5.521545603,20.78204517,2.593969885,8.106145937
68,Argenteohyla_siemersi,VP,arboreal,5.797349848,31.6339925,1.587754265,10.72723364
69,Aromobates_nocturnus,DA,aquatic,1.782679063,9.868489332,0.483425297,2.359715861
70,Aromobates_nocturnus,DP,aquatic,2.334568446,9.465304665,1.054834111,5.026713505
71,Aromobates_nocturnus,VA,aquatic,0.89005003,5.84258315,0.316684017,2.360745121
72,Aromobates_nocturnus,VP,aquatic,1.420091082,6.2576655,0.456966732,1.035877632
73,Ascaphus_truei,DA,aquatic,3.507267742,20.54271208,1.063170866,6.961260926
74,Ascaphus_truei,DP,aquatic,4.255544862,20.99129266,1.020385222,5.776578515
75,Ascaphus_truei,VA,aquatic,1.272750913,10.21319662,0.530169399,2.712544941
76,Ascaphus_truei,VP,aquatic,1.735143098,9.537646034,0.472035384,2.383093449
77,Astylosternus_batesi,DA,terrestrial_torrent,2.071850605,10.612057,0.481362034,5.082016341
78,Astylosternus_batesi,DP,terrestrial_torrent,1.208447583,6.138250817,0.317634575,2.41164744
79,Astylosternus_batesi,VA,terrestrial_torrent,1.744676664,8.876362333,0.517015388,2.56167444
80,Astylosternus_batesi,VP,terrestrial_torrent,3.003283615,20.27116067,2.000402182,14.89143433
81,Atelognathus_patagonicus,DA,semiaquatic,1.968867874,8.941307693,0.763326293,2.4664967
82,Atelognathus_patagonicus,DP,semiaquatic,1.747352547,7.808683708,0.684107859,1.66698802
83,Atelognathus_patagonicus,VA,semiaquatic,2.028137668,9.5784755,0.509723307,3.300200073
84,Atelognathus_patagonicus,VP,semiaquatic,2.675401001,13.22388825,0.615030147,3.912919388
85,Atelopus_ignescens,DA,terrestrial_torrent,1.936467599,10.1606855,0.510983801,1.196627353
86,Atelopus_ignescens,DP,terrestrial_torrent,6.467853905,27.458689,2.790138163,7.891853794
87,Atelopus_ignescens,VA,terrestrial_torrent,4.695877815,20.48287789,1.715455355,7.076716611
88,Atelopus_ignescens,VP,terrestrial_torrent,5.260120182,21.13611022,1.129002756,6.225902404
89,Atelopus_spumarius,VA,terrestrial_torrent,6.018439251,22.21756,1.18875444,5.65880697
90,Atelopus_spumarius,VP,terrestrial_torrent,4.496353169,14.54809533,1.31651265,2.848909961
91,Atelopus_varius,DA,terrestrial_torrent,1.534604583,7.610853333,0.965881204,2.590553733
92,Atelopus_varius,DP,terrestrial_torrent,NA,8.385503333,NA,1.500777051
93,Atelopus_varius,VA,terrestrial_torrent,5.359102204,22.455901,0.618877762,4.752700005
94,Atelopus_varius,VP,terrestrial_torrent,1.566844203,NA,0.385137389,NA
95,Atelopus_zeteki,DA,terrestrial_torrent,3.274207404,16.56227345,2.243929585,11.26210239
96,Atelopus_zeteki,DP,terrestrial_torrent,2.204009321,10.90752302,0.834815336,3.819163921
97,Atelopus_zeteki,VA,terrestrial_torrent,3.02930899,12.89303022,2.315326811,7.266306921
98,Atelopus_zeteki,VP,terrestrial_torrent,2.332024771,12.48409711,0.491944816,4.160979991
99,Austrochaperina_guttata,DA,terrestrial_leaflitter,2.967843657,11.03781275,1.912523451,5.967312424
100,Austrochaperina_guttata,DP,terrestrial_leaflitter,2.389029975,11.33855553,0.932433569,4.336393165
101,Austrochaperina_guttata,VA,terrestrial_leaflitter,2.220166855,11.59352844,0.318973846,2.925698313
102,Austrochaperina_guttata,VP,terrestrial_leaflitter,2.491841034,11.28296633,0.480043922,2.868044379
103,Barbourula_busuangensis,DA,aquatic,4.504653324,17.39415417,1.4481399,3.281691561
104,Barbourula_busuangensis,DP,aquatic,1.721574965,8.994621502,0.610045213,2.534177311
105,Barbourula_busuangensis,VA,aquatic,2.139840054,8.945646167,1.122065148,2.062731781
106,Barbourula_busuangensis,VP,aquatic,2.051875306,9.649377982,0.747273966,2.661507754
107,Batrachyla_antartandica,DA,arboreal,3.169784234,14.611275,0.765781961,11.54197892
108,Batrachyla_antartandica,DP,arboreal,1.421608689,7.449332267,0.957434714,4.768063051
109,Batrachyla_antartandica,VA,arboreal,1.77392315,7.750041,1.481566357,3.36375381
110,Batrachyla_antartandica,VP,arboreal,2.631878614,10.15145533,0.48469193,3.959379565
111,Batrachyla_taeniata,DA,terrestrial_leaflitter,1.223873554,6.73592505,0.326582812,2.32737081
112,Batrachyla_taeniata,DP,terrestrial_leaflitter,1.717797276,8.653210609,0.788784477,4.801686005
113,Batrachyla_taeniata,VA,terrestrial_leaflitter,1.504160326,7.398147025,0.799960549,3.368904109
114,Batrachyla_taeniata,VP,terrestrial_leaflitter,2.220362035,11.30986198,1.015668249,4.935682162
115,Cornufer_vertebralis,DP,terrestrial_leaflitter,2.617236718,11.04493367,1.543699341,6.392059229
116,Cornufer_vertebralis,VP,terrestrial_leaflitter,1.385071558,8.220911333,0.131240377,1.168032588
117,Bombina_bombina,DA,semiaquatic,2.053526793,10.67278067,0.498124329,4.551852599
118,Bombina_bombina,DP,semiaquatic,5.576612964,24.033214,2.6161007,7.712516083
119,Bombina_bombina,VA,semiaquatic,2.613767431,13.35596067,0.878728442,6.093600966
120,Bombina_bombina,VP,semiaquatic,2.310216389,9.431644667,0.24039657,1.287576146
121,Bombina_orientalis,DA,semiaquatic,7.824798361,37.983653,3.925650246,12.0770687
122,Bombina_orientalis,DP,semiaquatic,9.784002118,46.17136033,4.149095821,25.61432745
123,Bombina_orientalis,VA,semiaquatic,3.348562028,10.76770933,1.279727894,4.324469648
124,Bombina_orientalis,VP,semiaquatic,2.371110875,9.882237333,0.720410008,3.562517045
125,Bombina_variegata,DA,semiaquatic,3.871335086,17.51514033,0.896838431,5.802952078
126,Bombina_variegata,DP,semiaquatic,6.941267445,32.19646233,1.058731084,7.137180837
127,Bombina_variegata,VA,semiaquatic,6.615750807,41.920437,2.654202429,23.66970383
128,Bombina_variegata,VP,semiaquatic,5.649442426,22.06394267,1.608648559,4.230946877
129,Boophis_madagascariensis,DA,arboreal,1.974969292,7.829024333,0.875533261,2.694058312
130,Boophis_madagascariensis,DP,arboreal,1.550783022,6.435390334,0.306651777,1.785504278
131,Boophis_madagascariensis,VA,arboreal,6.622878902,27.29778867,1.236533021,9.323573355
132,Boophis_madagascariensis,VP,arboreal,5.416628868,24.61767483,0.783483219,10.10512501
133,Bromeliohyla_bromeliacia,DA,arboreal,1.571961983,8.311372341,0.73385519,3.789311616
134,Bromeliohyla_bromeliacia,DP,arboreal,1.886744994,8.156236916,0.525609164,1.348956879
135,Bromeliohyla_bromeliacia,VA,arboreal,6.257166186,26.95486467,1.016350489,5.737189658
136,Bromeliohyla_bromeliacia,VP,arboreal,7.023221511,30.74294359,0.949435598,10.38893862
137,Anaxyrus_americanus,DA,terrestrial_burrower,4.173914416,19.434402,1.992448605,4.226020541
138,Anaxyrus_americanus,DP,terrestrial_burrower,6.411708745,25.63520867,1.16905899,11.35822872
139,Anaxyrus_americanus,VA,terrestrial_burrower,5.929721178,29.62729033,1.793777526,10.24107604
140,Anaxyrus_americanus,VP,terrestrial_burrower,5.63467234,29.048558,1.651926401,4.382178477
141,Phrynoidis_asper,DA,terrestrial_torrent,7.13242172,27.60864567,0.948734606,1.423806215
142,Phrynoidis_asper,DP,terrestrial_torrent,6.886870961,28.43166633,0.786375652,6.452500122
143,Phrynoidis_asper,VA,terrestrial_torrent,8.599390004,33.96918667,1.276921214,5.241645457
144,Phrynoidis_asper,VP,terrestrial_torrent,8.008824151,43.43049467,1.318353255,3.99125437
145,Epidalea_calamita,DA,terrestrial_burrower,3.554283037,17.15943033,1.088316222,6.19071399
146,Epidalea_calamita,DP,terrestrial_burrower,4.979283114,20.89121922,1.809945879,4.687219186
147,Epidalea_calamita,VA,terrestrial_burrower,5.048849441,26.81008122,2.504149103,14.44883132
148,Epidalea_calamita,VP,terrestrial_burrower,5.399091918,23.16077133,1.367946815,4.289095626
149,Incilius_coccifer,DA,terrestrial_leaflitter,10.22908762,38.91146533,9.09620471,15.62714097
150,Incilius_coccifer,DP,terrestrial_leaflitter,3.906712797,19.456748,2.267726431,3.365409443
151,Incilius_coccifer,VA,terrestrial_leaflitter,8.17379501,53.78267033,1.916067108,20.78226987
152,Incilius_coccifer,VP,terrestrial_leaflitter,4.803350617,18.37194367,0.240854426,0.632008895
153,Incilius_coniferus,DA,terrestrial_leaflitter,7.065643601,33.95123875,1.316103289,8.278609262
154,Incilius_coniferus,DP,terrestrial_leaflitter,7.000867244,34.6590015,2.195736978,10.3718543
155,Incilius_coniferus,VA,terrestrial_leaflitter,10.41256237,38.4327295,3.530853096,11.99775085
156,Incilius_coniferus,VP,terrestrial_leaflitter,8.668586774,33.72627333,1.142419137,5.63854918
157,Nannophryne_cophotis,DA,terrestrial_leaflitter,8.245652588,35.585345,4.476802428,15.67185618
158,Nannophryne_cophotis,DP,terrestrial_leaflitter,9.08270338,35.94927417,4.969100392,18.0523479
159,Nannophryne_cophotis,VA,terrestrial_leaflitter,7.366125691,26.789529,1.414859721,9.665594642
160,Nannophryne_cophotis,VP,terrestrial_leaflitter,6.109634949,23.9362005,1.631410725,6.317775792
161,Ingerophrynus_divergens,DA,terrestrial_leaflitter,4.639217033,25.4388935,2.227773138,14.48511868
162,Ingerophrynus_divergens,DP,terrestrial_leaflitter,3.426120954,18.993612,0.904050182,5.865043875
163,Ingerophrynus_divergens,VA,terrestrial_leaflitter,6.975606625,31.35553567,1.344612893,9.433510735
164,Ingerophrynus_divergens,VP,terrestrial_leaflitter,10.32710525,45.18074984,5.481163089,21.07601005
165,Anaxyrus_fowleri,DA,terrestrial_burrower,10.00348866,39.25863333,9.617732328,29.69929909
166,Anaxyrus_fowleri,DP,terrestrial_burrower,8.875199285,37.08341833,5.725841868,21.08569365
167,Anaxyrus_fowleri,VA,terrestrial_burrower,4.263109115,21.038019,1.016978769,3.260667742
168,Anaxyrus_fowleri,VP,terrestrial_burrower,4.928064029,21.092586,0.631445398,4.704443813
169,Peltophryne_fustiger,DA,terrestrial_leaflitter,1.531007172,12.11891867,0.438710201,5.966293739
170,Peltophryne_fustiger,DP,terrestrial_leaflitter,4.34609461,23.275867,0.970266918,4.079595935
171,Peltophryne_fustiger,VA,terrestrial_leaflitter,5.061326444,26.76187267,1.010990814,8.429686087
172,Peltophryne_fustiger,VP,terrestrial_leaflitter,8.403467549,28.97361467,3.33940756,10.60203505
173,Ingerophrynus_galeatus,DA,terrestrial_torrent,4.794080777,24.95034692,1.451589999,8.510439229
174,Ingerophrynus_galeatus,DP,terrestrial_torrent,4.963833345,36.28160067,1.599057071,23.15442495
175,Ingerophrynus_galeatus,VA,terrestrial_torrent,8.129516823,43.691438,2.540816951,14.20145171
176,Ingerophrynus_galeatus,VP,terrestrial_torrent,8.396358291,48.53337409,2.359052092,19.99398078
177,Rhaebo_guttatus,DA,terrestrial_leaflitter,6.060820453,14.51179,8.817414944,15.79948062
178,Rhaebo_guttatus,DP,terrestrial_leaflitter,3.742223988,13.380038,2.934984138,8.407684014
179,Rhaebo_guttatus,VA,terrestrial_leaflitter,3.162726444,16.021902,2.115583639,10.82351012
180,Rhaebo_guttatus,VP,terrestrial_leaflitter,9.399901411,27.317693,2.909554252,3.199791981
181,Sclerophrys_gutturalis,DA,terrestrial_leaflitter,3.407862861,14.87626067,1.011556647,4.625040859
182,Sclerophrys_gutturalis,DP,terrestrial_leaflitter,3.401949483,22.03392367,1.201009827,8.323803573
183,Sclerophrys_gutturalis,VA,terrestrial_leaflitter,6.847294387,38.06570667,0.533323407,13.43558233
184,Sclerophrys_gutturalis,VP,terrestrial_leaflitter,9.504606819,31.50382833,2.45249759,4.46040882
185,Peltophryne_lemur,DA,terrestrial_burrower,5.551542553,31.41720034,3.473416998,14.86340385
186,Peltophryne_lemur,DP,terrestrial_burrower,4.968526366,23.3964125,2.373108735,10.42393635
187,Peltophryne_lemur,VA,terrestrial_burrower,4.654568642,32.86731817,2.143305925,10.86825112
188,Peltophryne_lemur,VP,terrestrial_burrower,5.751621397,20.5495955,2.526395704,7.359871796
189,Rhinella_marina,DA,terrestrial_leaflitter,3.506376119,19.24979033,1.103580434,11.23379733
190,Rhinella_marina,DP,terrestrial_leaflitter,6.521089059,31.56242267,2.736598894,17.34279467
191,Rhinella_marina,VA,terrestrial_leaflitter,2.639607998,13.57395367,0.662350382,1.841969519
192,Rhinella_marina,VP,terrestrial_leaflitter,6.003932856,20.04571667,4.058251218,5.894712678
193,Duttaphrynus_melanostictus,DA,terrestrial_leaflitter,4.08665193,16.78438656,2.361492711,8.111849089
194,Duttaphrynus_melanostictus,DP,terrestrial_leaflitter,7.029500574,34.76713967,4.10947311,15.86987932
195,Duttaphrynus_melanostictus,VA,terrestrial_leaflitter,9.551664,43.88165542,1.521866965,4.728398139
196,Duttaphrynus_melanostictus,VP,terrestrial_leaflitter,10.318749,49.09596442,2.224724842,8.825083512
197,Strauchbufo_raddei,DA,terrestrial_leaflitter,3.074881829,15.26541011,1.561250473,7.371172136
198,Strauchbufo_raddei,DP,terrestrial_leaflitter,1.676619766,9.226942251,0.523246094,2.315404758
199,Strauchbufo_raddei,VA,terrestrial_leaflitter,2.602745924,11.76541022,0.39682288,3.009859247
200,Strauchbufo_raddei,VP,terrestrial_leaflitter,4.351305138,23.75439817,1.280306934,6.848115317
201,Rhinella_spinulosa,DA,terrestrial_leaflitter,5.898983508,30.02618017,2.978786751,20.52090451
202,Rhinella_spinulosa,DP,terrestrial_leaflitter,5.512857296,35.26037167,3.860701939,17.66591578
203,Rhinella_spinulosa,VA,terrestrial_leaflitter,6.891224945,36.25585417,1.223336534,12.51290599
204,Rhinella_spinulosa,VP,terrestrial_leaflitter,8.522040135,31.29232817,2.290429932,6.554859458
205,Nannophryne_variegata,DA,terrestrial_leaflitter,2.496898183,9.927551875,1.179588888,3.338580868
206,Nannophryne_variegata,DP,terrestrial_leaflitter,2.007223722,9.202060166,0.658688959,2.610167909
207,Nannophryne_variegata,VA,terrestrial_leaflitter,2.126731383,10.89945711,0.607677307,5.132719806
208,Nannophryne_variegata,VP,terrestrial_leaflitter,4.193403028,14.19340402,1.860716081,3.548548797
209,Bufotes_viridis,DA,terrestrial_burrower,5.327376826,26.5094225,2.3149474,10.76409248
210,Bufotes_viridis,DP,terrestrial_burrower,4.159613877,21.803212,1.112454317,5.132357299
211,Bufotes_viridis,VA,terrestrial_burrower,4.551837753,16.23984233,2.812421933,8.477670275
212,Bufotes_viridis,VP,terrestrial_burrower,6.194425313,18.48133225,4.08236158,7.819689989
213,Calyptocephalella_gayi,DA,semiaquatic,4.992587732,23.804404,1.574729418,3.869112716
214,Calyptocephalella_gayi,DP,semiaquatic,8.081584652,30.09977767,2.67657634,10.11629092
215,Calyptocephalella_gayi,VA,semiaquatic,2.115753755,8.758773333,0.305113728,2.871916588
216,Calyptocephalella_gayi,VP,semiaquatic,1.790147686,10.905364,0.967360852,5.32055779
217,Cardioglossa_leucomystax,DA,terrestrial_torrent,3.055362663,14.795429,0.535783933,6.146974982
218,Cardioglossa_leucomystax,DP,terrestrial_torrent,1.174832819,5.501203667,0.337332903,0.154325017
219,Cardioglossa_leucomystax,VA,terrestrial_torrent,1.108568479,6.3916216,0.210224888,4.043732265
220,Cardioglossa_leucomystax,VP,terrestrial_torrent,2.456240567,12.0819357,1.700465294,8.528290369
221,Cardioglossa_pulchra,DA,terrestrial_torrent,1.861451476,7.170471884,0.960317556,2.251661024
222,Cardioglossa_pulchra,DP,terrestrial_torrent,2.629715738,9.677023502,1.496452002,5.244346725
223,Cardioglossa_pulchra,VA,terrestrial_torrent,0.951551471,4.3976042,0.3346734,0.38053879
224,Cardioglossa_pulchra,VP,terrestrial_torrent,1.290939981,5.121929433,0.36003597,1.582689232
225,Centrolene_geckoideum,DA,arboreal,3.179595212,21.09942617,1.800274639,12.51936457
226,Centrolene_geckoideum,DP,arboreal,2.737709207,20.72641084,0.287330003,3.978733309
227,Centrolene_geckoideum,VA,arboreal,4.919203102,28.749322,1.877590591,11.19013369
228,Centrolene_geckoideum,VP,arboreal,3.764620044,17.60454084,0.354568207,2.224961385
229,Nymphargus_grandisonae,DA,arboreal,1.948776524,9.579387555,0.500960815,1.928197378
230,Nymphargus_grandisonae,DP,arboreal,1.707977864,11.34545255,0.444102286,2.07368713
231,Nymphargus_grandisonae,VA,arboreal,3.905410517,15.244787,0.656766647,2.829980355
232,Nymphargus_grandisonae,VP,arboreal,4.016740609,19.09750333,0.79029901,5.152378958
233,Centrolene_lynchi,DA,arboreal,2.548266886,17.35077117,0.402178333,2.93421144
234,Centrolene_lynchi,DP,arboreal,1.752774695,10.27423768,0.65627695,3.550310051
235,Centrolene_lynchi,VA,arboreal,3.358416209,14.36830767,0.894851106,6.906844796
236,Centrolene_lynchi,VP,arboreal,4.618656136,17.006861,0.728227504,3.943232758
237,Ceratophrys_cranwelli,DA,terrestrial_burrower,5.616892133,31.56319634,0.674717538,12.77981159
238,Ceratophrys_cranwelli,DP,terrestrial_burrower,6.151250702,38.252108,1.319818722,18.32817885
239,Ceratophrys_cranwelli,VA,terrestrial_burrower,4.939921476,18.74374167,1.103216336,3.086474918
240,Ceratophrys_cranwelli,VP,terrestrial_burrower,6.236302461,32.725443,3.036949815,6.952683419
241,Chacophrys_pierottii,DA,terrestrial_burrower,4.574225268,20.37118267,1.070514231,4.049582476
242,Chacophrys_pierottii,DP,terrestrial_burrower,3.33452635,15.728069,1.497135398,7.114614436
243,Chacophrys_pierottii,VA,terrestrial_burrower,3.292940042,13.29019153,0.618969874,4.099112128
244,Chacophrys_pierottii,VP,terrestrial_burrower,3.842777994,15.4663045,2.239104068,4.955863516
245,Charadrahyla_taeniopus,DA,arboreal,0.771067886,3.295282633,0.204172602,0.491322623
246,Charadrahyla_taeniopus,DP,arboreal,0.368604271,2.578878967,0.266081005,0.512947395
247,Charadrahyla_taeniopus,VA,arboreal,1.964243939,8.295794,1.57126661,6.093145143
248,Charadrahyla_taeniopus,VP,arboreal,3.596776468,21.964876,0.894923799,7.390506942
249,Cochranella_granulosa,DA,arboreal,1.415025139,8.214457075,0.553734241,1.837460612
250,Cochranella_granulosa,DP,arboreal,1.792553854,10.61218838,0.465442616,2.788067036
251,Cochranella_granulosa,VA,arboreal,4.446299426,17.03123842,1.259998132,4.619554659
252,Cochranella_granulosa,VP,arboreal,5.09649248,18.44209,1.080362689,5.390582413
253,Colostethus_inguinalis,DA,terrestrial_torrent,0.788928255,5.067591134,0.469836671,2.804781123
254,Colostethus_inguinalis,DP,terrestrial_torrent,0.955541416,5.729826233,0.380448386,2.395689766
255,Colostethus_inguinalis,VA,terrestrial_torrent,1.875002786,8.248014667,1.092652469,1.471790543
256,Colostethus_inguinalis,VP,terrestrial_torrent,1.334344561,7.053703867,0.30687134,1.630339311
257,Conraua_crassipes,DA,semiaquatic,2.223522652,10.25551845,0.79713359,3.403287962
258,Conraua_crassipes,DP,semiaquatic,2.067002409,11.75335467,0.527912352,3.133735051
259,Conraua_crassipes,VA,semiaquatic,3.544128315,14.42990022,1.521101716,8.531135
260,Conraua_crassipes,VP,semiaquatic,3.103574372,16.34093967,0.551325242,4.506665122
261,Corythomantis_greeningi,DA,terrestrial_burrower,1.54505631,10.29122518,0.768442354,5.890099231
262,Corythomantis_greeningi,DP,terrestrial_burrower,3.715129588,15.5153728,1.455035832,6.698452652
263,Corythomantis_greeningi,VA,terrestrial_burrower,5.647300276,26.95577333,1.429694195,5.712081542
264,Corythomantis_greeningi,VP,terrestrial_burrower,6.193578197,38.60705,3.064522871,16.98120931
265,Craugastor_alfredi,DA,terrestrial_leaflitter,3.38449573,17.888997,0.852002474,3.913435641
266,Craugastor_alfredi,DP,terrestrial_leaflitter,2.089085143,12.07041867,0.487902301,3.188845425
267,Craugastor_alfredi,VA,terrestrial_leaflitter,2.276486822,11.02758134,1.019791645,5.227326884
268,Craugastor_alfredi,VP,terrestrial_leaflitter,2.521588683,8.747071665,0.705878035,2.412844031
269,Craugastor_megacephalus,DA,terrestrial_leaflitter,3.358272592,15.9873124,0.84615722,3.667710642
270,Craugastor_megacephalus,DP,terrestrial_leaflitter,3.960947938,19.84816513,1.283179282,7.685137076
271,Craugastor_megacephalus,VA,terrestrial_leaflitter,4.391778305,17.48966971,2.825242696,9.430709369
272,Craugastor_megacephalus,VP,terrestrial_leaflitter,3.630722865,14.8794002,2.04358313,6.775730224
273,Crinia_parinsignifera,VA,terrestrial_torrent,7.810796492,34.06965067,0.827808556,7.900437586
274,Crinia_parinsignifera,VP,terrestrial_torrent,5.698557962,29.779956,2.057580274,17.2025146
275,Crossodactylus_schmidti,DA,terrestrial_torrent,1.165505044,6.166306283,0.445239982,2.010211522
276,Crossodactylus_schmidti,DP,terrestrial_torrent,1.545695942,8.48978805,0.608107617,3.632223504
277,Crossodactylus_schmidti,VA,terrestrial_torrent,1.107536339,6.389914417,0.605007686,3.870787186
278,Crossodactylus_schmidti,VP,terrestrial_torrent,1.18412399,6.3879751,0.477626024,2.827742893
279,Cryptothylax_greshoffii,DA,terrestrial_torrent,1.709257903,10.19501745,0.865798841,3.002713456
280,Cryptothylax_greshoffii,DP,terrestrial_torrent,1.789567778,7.902872889,0.811130187,1.406847391
281,Cryptothylax_greshoffii,VA,terrestrial_torrent,2.106677898,9.79452111,0.684092819,3.698509758
282,Cryptothylax_greshoffii,VP,terrestrial_torrent,3.857407945,14.14497167,0.908323537,3.692528825
283,Cycloramphus_eleutherodactylus,DA,terrestrial_leaflitter,1.715702132,8.086442,0.604992486,1.672899845
284,Cycloramphus_eleutherodactylus,DP,terrestrial_leaflitter,1.858568565,8.312208834,0.192471568,1.198325642
285,Cycloramphus_eleutherodactylus,VA,terrestrial_leaflitter,0.856254881,5.767458134,0.218493157,1.664933795
286,Cycloramphus_eleutherodactylus,VP,terrestrial_leaflitter,1.032046107,6.502855317,0.208331365,2.191653979
287,Oophaga_histrionica,DA,terrestrial_leaflitter,1.747810804,7.855143689,0.9631201,3.024791608
288,Oophaga_histrionica,DP,terrestrial_leaflitter,2.144261899,10.82331344,1.784811203,8.748377693
289,Oophaga_histrionica,VA,terrestrial_leaflitter,1.439027126,8.608679079,0.493266053,2.173173044
290,Oophaga_histrionica,VP,terrestrial_leaflitter,1.385724693,7.34375302,0.540508665,2.779912918
291,Ranitomeya_imitator,DA,arboreal,1.472594727,6.993532333,0.519836045,3.369241782
292,Ranitomeya_imitator,DP,arboreal,1.318007427,6.54527995,0.571859454,3.165682631
293,Ranitomeya_imitator,VA,arboreal,2.067249356,7.089592034,1.408425797,3.872152964
294,Ranitomeya_imitator,VP,arboreal,2.342487981,11.35098917,1.087816678,3.626307119
295,Dendrophryniscus_brevipollicatus,DA,arboreal,5.791292093,34.10535867,2.04878361,11.84309019
296,Dendrophryniscus_brevipollicatus,DP,arboreal,5.140101244,27.617711,1.114159805,3.010921492
297,Dendrophryniscus_brevipollicatus,VA,arboreal,3.980846218,16.83902884,0.671921797,4.461291845
298,Dendrophryniscus_brevipollicatus,VP,arboreal,2.788098955,12.63734433,0.443961745,3.807270145
299,Diasporus_diastema,DP,arboreal,1.108121737,6.006361,0.371500363,0.352149231
300,Diasporus_diastema,VA,arboreal,3.117422523,11.460011,2.746133381,7.521506077
301,Diasporus_diastema,VP,arboreal,5.264715413,15.81576767,4.486637684,10.38351378
302,Didynamipus_sjostedti,DP,terrestrial_leaflitter,5.015002795,18.02660633,1.009747934,5.798285086
303,Didynamipus_sjostedti,VP,terrestrial_leaflitter,5.834157533,20.04916533,1.742378891,3.501222244
304,Duellmanohyla_soralia,DA,terrestrial_torrent,1.737480865,6.202597133,0.669551721,2.417237933
305,Duellmanohyla_soralia,DP,terrestrial_torrent,3.052255327,12.27904092,1.674761257,7.237699715
306,Duellmanohyla_soralia,VA,terrestrial_torrent,6.135954055,24.78967142,1.387248022,5.643508637
307,Duellmanohyla_soralia,VP,terrestrial_torrent,5.31845484,20.91155634,0.546950796,4.344386793
308,Dyscophus_guineti,DA,terrestrial_burrower,1.810653235,7.485996,0.540121383,2.974237569
309,Dyscophus_guineti,DP,terrestrial_burrower,2.310457713,9.568819667,1.175905298,3.84253544
310,Dyscophus_guineti,VA,terrestrial_burrower,0.943732685,6.336976433,0.295779646,2.276428203
311,Dyscophus_guineti,VP,terrestrial_burrower,2.267705518,9.205347,0.77835317,0.528964755
312,Eleutherodactylus_armstrongi,DA,arboreal,1.651542895,10.02882945,1.176224392,6.467130835
313,Eleutherodactylus_armstrongi,DP,arboreal,3.030344204,15.43825154,1.37359333,8.534476614
314,Eleutherodactylus_armstrongi,VA,arboreal,1.475122926,8.5127083,0.745285653,4.150561946
315,Eleutherodactylus_armstrongi,VP,arboreal,3.098151263,17.62161661,3.060402044,19.94624954
316,Eleutherodactylus_brittoni,DA,terrestrial_leaflitter,1.861959428,9.137999265,1.087489704,2.631872789
317,Eleutherodactylus_brittoni,DP,terrestrial_leaflitter,1.157428815,7.095974784,1.197558919,5.379693705
318,Eleutherodactylus_brittoni,VA,terrestrial_leaflitter,2.923432311,14.867527,0.183292183,3.438731573
319,Eleutherodactylus_brittoni,VP,terrestrial_leaflitter,3.334351348,15.325236,0.909378493,2.444342881
320,Eleutherodactylus_cochranae,DA,arboreal,2.114466999,8.668642776,0.913869891,3.977272314
321,Eleutherodactylus_cochranae,DP,arboreal,4.182289373,15.24540263,1.410562605,5.627681773
322,Eleutherodactylus_cochranae,VA,arboreal,4.134861129,15.987726,1.789528651,4.17352028
323,Eleutherodactylus_cochranae,VP,arboreal,4.790974338,20.96846517,2.027175775,10.03429303
324,Eleutherodactylus_cooki,DA,terrestrial_leaflitter,1.824767752,6.48539475,0.840613267,2.682378181
325,Eleutherodactylus_cooki,DP,terrestrial_leaflitter,1.393358165,6.131204584,0.428833172,2.464721316
326,Eleutherodactylus_cooki,VA,terrestrial_leaflitter,1.284606269,8.356560167,0.467396815,2.116796516
327,Eleutherodactylus_cooki,VP,terrestrial_leaflitter,2.038893896,11.41576058,0.721755141,5.684800394
328,Eleutherodactylus_cuneatus,DA,terrestrial_leaflitter,4.813292732,18.847175,1.543226066,5.13550696
329,Eleutherodactylus_cuneatus,DP,terrestrial_leaflitter,7.079266556,28.776289,2.124854872,9.047419633
330,Eleutherodactylus_cuneatus,VA,terrestrial_leaflitter,7.692212267,31.26017867,1.458453888,6.819171343
331,Eleutherodactylus_cuneatus,VP,terrestrial_leaflitter,10.65005695,46.51624767,4.50137957,28.6740505
332,Eleutherodactylus_gryllus,DA,arboreal,NA,6.3641855,NA,2.669729029
333,Eleutherodactylus_gryllus,DP,arboreal,3.498004909,16.134048,2.495014635,12.62080108
334,Eleutherodactylus_gryllus,VA,arboreal,3.216216819,20.117768,1.008440638,10.26031306
335,Eleutherodactylus_gryllus,VP,arboreal,3.430043025,17.83042984,0.820008027,1.985587476
336,Eleutherodactylus_gundlachi,DA,terrestrial_leaflitter,4.471136363,22.535858,0.691900538,4.614979901
337,Eleutherodactylus_gundlachi,DP,terrestrial_leaflitter,5.307535443,22.659472,1.78627094,6.200687748
338,Eleutherodactylus_gundlachi,VA,terrestrial_leaflitter,3.940362383,13.95055267,2.349283083,7.466332077
339,Eleutherodactylus_gundlachi,VP,terrestrial_leaflitter,3.414442238,13.388837,0.961688992,3.03437805
340,Eleutherodactylus_hypostenor,DA,terrestrial_burrower,1.176109023,5.374569767,0.380080899,2.296711468
341,Eleutherodactylus_hypostenor,DP,terrestrial_burrower,1.805238075,8.584325833,0.631597248,3.358323705
342,Eleutherodactylus_hypostenor,VA,terrestrial_burrower,1.573494512,8.742928667,0.529209208,4.558388163
343,Eleutherodactylus_hypostenor,VP,terrestrial_burrower,1.707741703,10.42465267,0.472207135,5.506376992
344,Epipedobates_tricolor,DA,terrestrial_leaflitter,1.589565982,7.893468634,0.706286214,3.517176311
345,Epipedobates_tricolor,DP,terrestrial_leaflitter,1.783703249,7.816925579,1.05711901,2.887467371
346,Epipedobates_tricolor,VA,terrestrial_leaflitter,1.268192528,5.961976689,0.827816217,3.736951158
347,Epipedobates_tricolor,VP,terrestrial_leaflitter,1.326767816,6.480650791,0.532540273,2.648882446
348,Espadarana_prosoblepon,DA,arboreal,1.953778287,9.886080554,0.606835823,2.923502915
349,Espadarana_prosoblepon,DP,arboreal,2.260061872,11.08570162,0.55879352,3.979781722
350,Espadarana_prosoblepon,VA,arboreal,5.767653952,20.90117067,1.790225927,6.797755229
351,Espadarana_prosoblepon,VP,arboreal,5.195726475,21.47109828,0.961310482,4.705527755
352,Euphlyctis_hexadactylus,DA,aquatic,2.680071739,12.81549867,1.818971337,7.467825321
353,Euphlyctis_hexadactylus,DP,aquatic,7.817316428,36.43132167,3.449548624,21.730764
354,Euphlyctis_hexadactylus,VA,aquatic,1.953335275,9.208230333,0.572218681,4.126349471
355,Euphlyctis_hexadactylus,VP,aquatic,3.148396178,15.21809033,0.375044562,4.899960054
356,Feihyla_palpebralis,DA,arboreal,2.8265929,15.55605792,0.705591917,4.04595505
357,Feihyla_palpebralis,DP,arboreal,1.850308581,14.29391237,0.323809064,2.337070377
358,Feihyla_palpebralis,VA,arboreal,4.164135768,18.57696567,1.387874692,7.679007291
359,Feihyla_palpebralis,VP,arboreal,5.736986629,25.05182983,0.655996289,11.3969754
360,Fejervarya_limnocharis,DA,semiaquatic,5.673121772,20.42728333,3.108625507,8.9002441
361,Fejervarya_limnocharis,DP,semiaquatic,4.991366324,21.01142944,1.778291761,6.802103977
362,Fejervarya_limnocharis,VA,semiaquatic,2.088242087,9.303645333,0.677001177,3.514001278
363,Fejervarya_limnocharis,VP,semiaquatic,4.033012321,14.608552,1.147148388,5.379266528
364,Gastrotheca_excubitor,DA,arboreal,3.331295869,10.43262267,3.163653617,9.224076774
365,Gastrotheca_excubitor,DP,arboreal,2.258598544,11.159669,0.478429552,5.970633853
366,Gastrotheca_excubitor,VA,arboreal,3.267021011,16.97484867,0.273825925,2.471050354
367,Gastrotheca_excubitor,VP,arboreal,5.95416759,20.863787,1.696102939,4.475789186
368,Gastrotheca_gracilis,DA,arboreal,2.381749399,11.17210684,1.096615121,3.876191172
369,Gastrotheca_gracilis,DP,arboreal,3.050789546,16.18689917,1.219177043,6.296717136
370,Gastrotheca_gracilis,VA,arboreal,3.719119234,21.33576517,1.783561748,4.234338884
371,Gastrotheca_gracilis,VP,arboreal,6.346321253,23.33987034,2.020055554,5.307877479
372,Gastrotheca_ochoai,DA,arboreal,2.195911866,9.279777167,0.715775734,1.594602663
373,Gastrotheca_ochoai,DP,arboreal,2.538936705,10.3476465,1.138379208,2.966227848
374,Gastrotheca_ochoai,VA,arboreal,3.846290891,15.48562717,1.185916712,3.309123423
375,Gastrotheca_ochoai,VP,arboreal,5.226585412,29.00832084,2.318329946,17.07426166
376,Gastrotheca_peruana,DA,arboreal,2.543171879,12.72049678,1.046490331,5.230555936
377,Gastrotheca_peruana,DP,arboreal,3.77069723,15.69737622,1.632105976,6.810165204
378,Gastrotheca_peruana,VA,arboreal,3.851526725,17.72567056,1.129341842,6.973597962
379,Gastrotheca_peruana,VP,arboreal,4.724043419,21.79546661,2.010122899,5.988683294
380,Gastrotheca_plumbea,DA,arboreal,4.794068972,21.09601689,0.575694972,2.30056747
381,Gastrotheca_plumbea,DP,arboreal,5.829451305,23.45563467,1.334237464,8.077581322
382,Gastrotheca_plumbea,VA,arboreal,6.858042013,30.59718789,1.98895984,10.39987376
383,Gastrotheca_plumbea,VP,arboreal,8.504099426,42.61718478,3.008282322,17.84844036
384,Gastrotheca_riobambae,DA,arboreal,3.603419094,15.25728,0.897278456,3.690327631
385,Gastrotheca_riobambae,VA,arboreal,5.203476575,16.78552033,3.498134471,4.773244375
386,Gastrotheca_riobambae,VP,arboreal,4.462418982,18.46887367,0.698418414,6.832087533
387,Haddadus_binotatus,DA,terrestrial_leaflitter,5.294051087,20.206389,0.790487531,2.175239575
388,Haddadus_binotatus,DP,terrestrial_leaflitter,5.354246767,29.27685484,0.943992036,8.603792361
389,Haddadus_binotatus,VA,terrestrial_leaflitter,3.436960538,19.87991117,0.381340845,5.84323906
390,Haddadus_binotatus,VP,terrestrial_leaflitter,1.898453949,8.938569167,0.51888339,2.026164089
391,Hadromophryne_natalensis,DA,terrestrial_torrent,1.388374739,8.501551667,0.258647759,2.429049946
392,Hadromophryne_natalensis,VA,terrestrial_torrent,1.527458646,9.82999,0.565793012,0.319750021
393,Hadromophryne_natalensis,VP,terrestrial_torrent,2.137478471,12.06994867,1.157242987,5.408889603
394,Hemisus_marmoratus,DA,terrestrial_burrower,1.766921248,7.654698378,0.782215137,1.467566913
395,Hemisus_marmoratus,DP,terrestrial_burrower,2.339227173,9.941036111,0.755711997,2.805078898
396,Hemisus_marmoratus,VA,terrestrial_burrower,1.837600212,9.842954112,0.525388998,3.791511294
397,Hemisus_marmoratus,VP,terrestrial_burrower,2.509174408,9.542721999,1.500575001,4.057562464
398,Hyalinobatrachium_fleischmanni,DA,arboreal,1.816906076,9.656735768,0.554075185,2.569266253
399,Hyalinobatrachium_fleischmanni,DP,arboreal,2.185742821,11.72570437,0.950419873,5.697807859
400,Hyalinobatrachium_fleischmanni,VA,arboreal,3.92933074,18.36113261,1.400026264,6.416908321
401,Hyalinobatrachium_fleischmanni,VP,arboreal,4.737342747,19.26149033,0.800451029,6.066208167
402,Hyla_arenicolor,DA,terrestrial_torrent,3.976170714,19.80550967,1.79995119,8.958559065
403,Hyla_arenicolor,DP,terrestrial_torrent,4.375380762,24.87402367,2.18546064,13.74891109
404,Hyla_arenicolor,VA,terrestrial_torrent,4.61213399,19.930298,0.746032208,6.695006284
405,Hyla_arenicolor,VP,terrestrial_torrent,4.629327172,7.735526333,1.359598039,2.059913055
406,Hyla_chrysoscelis,DA,arboreal,4.34429804,18.05662767,0.294356388,2.573911476
407,Hyla_chrysoscelis,DP,arboreal,6.795665105,32.82962333,3.339027137,20.34772979
408,Hyla_chrysoscelis,VA,arboreal,3.387032309,13.588511,1.138999959,4.688511437
409,Hyla_chrysoscelis,VP,arboreal,NA,82.32842867,NA,97.18421196
410,Hymenochirus_boettgeri,DA,aquatic,12.5980183,46.73213133,3.442270292,10.75991076
411,Hymenochirus_boettgeri,DP,aquatic,10.36369965,41.51557944,1.591234652,9.937610964
412,Hymenochirus_boettgeri,VA,aquatic,15.19838902,62.42835622,2.254361386,10.70325519
413,Hymenochirus_boettgeri,VP,aquatic,14.81293953,59.18837767,2.780908654,11.73745336
414,Hyperolius_castaneus,DA,arboreal,1.758081161,11.66456702,0.798750272,4.41924215
415,Hyperolius_castaneus,DP,arboreal,2.226457313,10.8460485,0.589223783,2.859165107
416,Hyperolius_castaneus,VA,arboreal,7.843758481,29.86861583,1.310012461,9.304502482
417,Hyperolius_castaneus,VP,arboreal,10.05135898,38.14642483,2.004678966,9.457168844
418,Hyperolius_viridiflavus,DA,arboreal,1.906923569,10.86315284,0.463596342,1.652260225
419,Hyperolius_viridiflavus,DP,arboreal,2.113557808,10.74583767,0.650207602,2.680120275
420,Hyperolius_viridiflavus,VA,arboreal,4.333851582,21.6378865,1.217159173,12.37682649
421,Hyperolius_viridiflavus,VP,arboreal,5.308312521,18.544061,1.010822545,4.437879824
422,Boana_raniceps,DA,arboreal,1.796852292,6.3616551,0.751967171,2.925567737
423,Boana_raniceps,DP,arboreal,4.375631427,10.313887,4.026843263,4.667304703
424,Boana_raniceps,VA,arboreal,3.665313695,22.07734733,0.120343328,4.22426855
425,Boana_raniceps,VP,arboreal,3.614842563,26.81919367,1.105041901,23.11686709
426,Alcalus_baluensis,DA,terrestrial_torrent,5.412209636,24.3941475,1.745855492,4.478871696
427,Alcalus_baluensis,DP,terrestrial_torrent,4.389570493,22.9324055,0.973773575,5.465657645
428,Alcalus_baluensis,VA,terrestrial_torrent,2.49567428,12.67325083,0.444931183,2.147389357
429,Alcalus_baluensis,VP,terrestrial_torrent,4.127903831,20.90904083,1.74261552,9.519133341
430,Ischnocnema_nasuta,DA,terrestrial_leaflitter,1.713033496,7.524865833,0.700591729,3.434785716
431,Ischnocnema_nasuta,DP,terrestrial_leaflitter,3.712664202,12.09122567,1.868425755,6.528902092
432,Ischnocnema_nasuta,VA,terrestrial_leaflitter,5.57169809,17.28943467,0.286313163,1.783224791
433,Ischnocnema_nasuta,VP,terrestrial_leaflitter,1.607663582,8.183717333,0.633771495,3.72886811
434,Kaloula_pulchra,DA,terrestrial_burrower,1.960546015,6.9568749,2.112182014,2.35083123
435,Kaloula_pulchra,DP,terrestrial_burrower,2.624850728,17.095219,2.628549884,20.40439548
436,Kaloula_pulchra,VA,terrestrial_burrower,3.983868396,17.57495633,1.379903779,8.857065549
437,Kaloula_pulchra,VP,terrestrial_burrower,2.309217845,8.791828,1.046600596,3.452721022
438,Kassina_senegalensis,DA,arboreal,1.478216761,6.247982967,0.722449619,2.546112705
439,Kassina_senegalensis,DP,arboreal,1.986865814,11.18527867,1.081075494,5.957168775
440,Kassina_senegalensis,VA,arboreal,9.130594483,46.524313,1.533601549,19.48052523
441,Kassina_senegalensis,VP,arboreal,3.676684016,23.39996033,0.526683961,4.708230181
442,Lepidobatrachus_laevis,DA,aquatic,2.116783744,9.854036,1.042987145,3.909742264
443,Lepidobatrachus_laevis,DA,terrestrial_burrower,NA,NA,NA,NA
444,Lepidobatrachus_laevis,DP,aquatic,1.901077211,10.299966,1.093279753,2.406099343
445,Lepidobatrachus_laevis,DP,terrestrial_burrower,NA,NA,NA,NA
446,Lepidobatrachus_laevis,VA,aquatic,4.155040444,22.15972767,0.857287889,4.934378614
447,Lepidobatrachus_laevis,VA,terrestrial_burrower,NA,NA,NA,NA
448,Lepidobatrachus_laevis,VP,aquatic,2.674871682,13.56165733,1.494157639,7.626862304
449,Lepidobatrachus_laevis,VP,terrestrial_burrower,NA,NA,NA,NA
450,Leptobrachium_hasseltii,DA,terrestrial_leaflitter,2.799854127,13.029036,0.849475606,4.605556448
451,Leptobrachium_hasseltii,DP,terrestrial_leaflitter,2.070168233,10.4909095,0.718266981,5.893638385
452,Leptobrachium_hasseltii,VA,terrestrial_leaflitter,3.393001319,14.00539217,1.727935256,6.273852448
453,Leptobrachium_hasseltii,VP,terrestrial_leaflitter,4.057905716,19.33804184,1.219807002,4.85451857
454,Leptodactylodon_bicolor,DA,terrestrial_leaflitter,2.56622365,9.6869925,0.41698759,1.673044845
455,Leptodactylodon_bicolor,DP,terrestrial_leaflitter,2.561936032,11.8386486,1.5434278,9.856057254
456,Leptodactylodon_bicolor,VA,terrestrial_leaflitter,1.349082862,6.350641267,0.640931396,2.469134069
457,Leptodactylodon_bicolor,VP,terrestrial_leaflitter,6.244458329,18.72689633,8.084374441,23.11454108
458,Leptodactylus_bolivianus,VA,semiaquatic,1.437032838,NA,0.289626339,NA
459,Leptodactylus_bolivianus,VP,semiaquatic,1.625408156,NA,0.198642811,NA
460,Leptobrachella_pelodytoides,DA,terrestrial_torrent,1.833859789,7.947402622,0.413486767,1.470337487
461,Leptobrachella_pelodytoides,DP,terrestrial_torrent,1.673006035,8.092700434,0.268080325,2.392212166
462,Leptobrachella_pelodytoides,VA,terrestrial_torrent,1.552975842,7.256059301,0.571474131,2.456104794
463,Leptobrachella_pelodytoides,VP,terrestrial_torrent,0.880963246,5.438163934,0.372505423,1.584719674
464,Leptopelis_calcaratus,DA,arboreal,2.922379647,11.28034,0.785064044,6.860280644
465,Leptopelis_calcaratus,DP,arboreal,3.454667749,11.435763,2.625011633,6.999422209
466,Leptopelis_calcaratus,VA,arboreal,6.155396841,23.92440017,0.856358096,2.83840383
467,Leptopelis_calcaratus,VP,arboreal,5.600615431,18.95922967,0.446196906,4.117531416
468,Leptophryne_borbonica,DA,terrestrial_leaflitter,5.596209186,28.207923,1.766185503,11.6997136
469,Leptophryne_borbonica,DP,terrestrial_leaflitter,4.729742422,25.44404009,0.768389904,4.671420777
470,Leptophryne_borbonica,VA,terrestrial_leaflitter,7.735789297,33.27343608,2.02686029,6.152386582
471,Leptophryne_borbonica,VP,terrestrial_leaflitter,7.124107932,31.43165817,1.393882871,6.835068782
472,Litoria_caerulea,DA,arboreal,2.939834946,9.821173,0.383338694,0.926640906
473,Litoria_caerulea,VA,arboreal,7.318895894,21.70891933,2.470637754,5.655596283
474,Litoria_caerulea,VP,arboreal,5.901961239,19.8429,1.991284887,7.181199777
475,Mantella_baroni,DA,terrestrial_leaflitter,1.684332001,8.344301933,1.226060292,6.381886654
476,Mantella_baroni,DP,terrestrial_leaflitter,2.516660377,9.760698484,0.529808688,2.567433369
477,Mantella_baroni,VA,terrestrial_leaflitter,1.275923009,7.240205167,0.421814927,1.457657627
478,Mantella_baroni,VP,terrestrial_leaflitter,1.049678829,6.065130067,0.716364509,2.714724144
479,Mantidactylus_biporus,DA,terrestrial_leaflitter,1.729434706,10.00342383,0.452106086,4.339319402
480,Mantidactylus_biporus,DP,terrestrial_leaflitter,1.668161698,9.858292667,0.176325664,3.161008327
481,Mantidactylus_biporus,VA,terrestrial_leaflitter,1.527076661,7.74222855,0.591926637,3.736846096
482,Mantidactylus_biporus,VP,terrestrial_leaflitter,2.093716837,8.270582333,0.087542428,1.000884526
483,Mantidactylus_grandidieri,DA,terrestrial_torrent,2.582928411,12.29340267,1.444471957,7.044364759
484,Mantidactylus_grandidieri,DP,terrestrial_torrent,2.828209985,12.41012584,0.602035765,4.908269964
485,Mantidactylus_grandidieri,VA,terrestrial_torrent,1.495736008,11.31451935,0.753202772,5.57519811
486,Mantidactylus_grandidieri,VP,terrestrial_torrent,2.593767757,11.091706,0.800063853,3.892081517
487,Pelobatrachus_nasuta,DA,terrestrial_leaflitter,3.80698806,20.754461,0.79491463,4.28165323
488,Pelobatrachus_nasuta,DP,terrestrial_leaflitter,2.244460499,10.54496155,0.600628525,3.506600659
489,Pelobatrachus_nasuta,VA,terrestrial_leaflitter,3.678657667,12.4263535,1.059401439,2.001363467
490,Pelobatrachus_nasuta,VP,terrestrial_leaflitter,2.906515214,12.58067944,1.468943919,3.848636013
491,Melanophryniscus_stelzneri,DA,terrestrial_leaflitter,3.910755518,25.415438,1.619974731,10.2316732
492,Melanophryniscus_stelzneri,DP,terrestrial_leaflitter,2.949390933,13.31170817,0.602742645,4.16859515
493,Melanophryniscus_stelzneri,VA,terrestrial_leaflitter,2.818033825,16.69999483,0.316727072,4.574525752
494,Melanophryniscus_stelzneri,VP,terrestrial_leaflitter,2.981331086,14.40105684,1.334231981,5.46859614
495,Mixophyes_fasciolatus,DA,terrestrial_leaflitter,1.486675048,6.593391,0.190097388,1.031952354
496,Mixophyes_fasciolatus,DP,terrestrial_leaflitter,0.437839874,3.7815412,0.056844144,2.529171462
497,Mixophyes_fasciolatus,VA,terrestrial_leaflitter,0.264325559,1.979733467,0.136986398,1.255965768
498,Mixophyes_fasciolatus,VP,terrestrial_leaflitter,2.254568298,11.72830467,1.532906079,5.258107247
499,Myobatrachus_gouldii,DA,terrestrial_leaflitter,2.594470138,11.90990905,0.555176544,4.724622084
500,Myobatrachus_gouldii,DP,terrestrial_leaflitter,3.839808178,23.14101867,1.37620182,12.1714363
501,Myobatrachus_gouldii,VA,terrestrial_leaflitter,3.080181887,14.49159417,1.147928343,8.038964216
502,Myobatrachus_gouldii,VP,terrestrial_leaflitter,5.619183033,25.54525767,1.969975067,11.23203832
503,Nannophrys_ceylonensis,DA,terrestrial_torrent,3.5429658,14.75640252,2.217553295,3.421780046
504,Nannophrys_ceylonensis,DP,terrestrial_torrent,0.741910029,6.983646,0.116579504,0.536709754
505,Nannophrys_ceylonensis,VA,terrestrial_torrent,1.786424263,7.831034869,1.236032289,2.875214842
506,Nannophrys_ceylonensis,VP,terrestrial_torrent,1.554437372,7.325065667,0.207539789,0.56163434
507,Nectophrynoides_tornieri,DA,terrestrial_leaflitter,2.394888334,14.868973,0.006934866,1.076604964
508,Nectophrynoides_tornieri,DP,terrestrial_leaflitter,2.312319978,13.80494367,0.416993893,2.278119605
509,Nectophrynoides_tornieri,VA,terrestrial_leaflitter,2.938464571,13.81893583,0.938628448,3.528347442
510,Nectophrynoides_tornieri,VP,terrestrial_leaflitter,2.975374519,12.98280034,0.464770056,1.620185211
511,Neobatrachus_pictus,DA,terrestrial_burrower,2.647627274,14.86635867,0.874729112,2.697399718
512,Neobatrachus_pictus,DP,terrestrial_burrower,3.087112908,15.38233567,1.308893349,8.163225598
513,Neobatrachus_pictus,VA,terrestrial_burrower,1.209084885,6.765147517,0.379241274,2.124773607
514,Neobatrachus_pictus,VP,terrestrial_burrower,1.57143913,8.407221169,0.653702866,2.162144126
515,Nyctibates_corrugatus,DA,terrestrial_leaflitter,0.965698658,7.273019,0.456850731,2.864326093
516,Nyctibates_corrugatus,DP,terrestrial_leaflitter,1.196602776,8.006960117,0.208984338,2.493295883
517,Nyctibates_corrugatus,VA,terrestrial_leaflitter,0.393648914,3.2024529,0.071490008,1.351114441
518,Nyctibates_corrugatus,VP,terrestrial_leaflitter,1.30831737,5.93904375,0.715798606,3.219458485
519,Nyctimantis_rugiceps,DA,arboreal,1.270265964,6.607989334,0.446753662,1.640848
520,Nyctimantis_rugiceps,DP,arboreal,1.744601357,9.523698315,0.538558766,3.273103686
521,Nyctimantis_rugiceps,VA,arboreal,7.381702717,32.2985045,2.401679805,13.90985843
522,Nyctimantis_rugiceps,VP,arboreal,4.484553881,22.42877433,1.062909388,9.353726422
523,Odontophrynus_carvalhoi,DA,terrestrial_torrent,5.341215428,28.611802,2.616765923,11.64598522
524,Odontophrynus_carvalhoi,DP,terrestrial_torrent,5.547979958,23.53276967,1.48364864,4.71420902
525,Odontophrynus_carvalhoi,VA,terrestrial_torrent,3.790070172,20.72486933,1.906584119,14.13778457
526,Odontophrynus_carvalhoi,VP,terrestrial_torrent,3.379869088,16.28928867,0.983514297,3.145418914
527,Ophryophryne_hansi,DA,terrestrial_leaflitter,2.448344262,10.75105268,1.581183226,4.624518431
528,Ophryophryne_hansi,DP,terrestrial_leaflitter,3.534896947,18.434219,1.92623964,5.350408584
529,Ophryophryne_hansi,VA,terrestrial_leaflitter,3.02267945,11.19653692,2.164135549,7.091811376
530,Ophryophryne_hansi,VP,terrestrial_leaflitter,3.732509959,15.84875611,1.235236263,7.457653782
531,Ophryophryne_microstoma,DA,terrestrial_leaflitter,2.553162586,13.7050625,1.791443125,6.144102651
532,Ophryophryne_microstoma,DP,terrestrial_leaflitter,2.041663701,17.406718,0.319300356,4.058412098
533,Ophryophryne_microstoma,VA,terrestrial_leaflitter,1.352548586,7.892882817,0.931758025,5.812501248
534,Ophryophryne_microstoma,VP,terrestrial_leaflitter,1.080436854,7.932894465,0.114639716,2.587704298
535,Opisthothylax_immaculatus,DA,arboreal,2.089182881,8.878920665,0.986370909,3.285069461
536,Opisthothylax_immaculatus,DP,arboreal,1.445257358,6.590498317,0.906385267,4.2116134
537,Opisthothylax_immaculatus,VA,arboreal,3.678334028,14.20365384,0.944275939,3.129684753
538,Opisthothylax_immaculatus,VP,arboreal,3.437879337,13.47315517,1.299203617,6.165095725
539,Oreolalax_rhodostigmatus,DA,terrestrial_torrent,6.58441724,26.380473,4.949091946,17.33808423
540,Oreolalax_rhodostigmatus,DP,terrestrial_torrent,5.003956449,23.10311684,2.055602053,3.427496734
541,Oreolalax_rhodostigmatus,VA,terrestrial_torrent,4.090825522,15.65649283,2.030888251,4.130104088
542,Oreolalax_rhodostigmatus,VP,terrestrial_torrent,2.716664796,12.708895,0.995797639,8.85073254
543,Oreophryne_waira,DA,terrestrial_leaflitter,2.671502927,9.3416822,1.538885213,4.73560744
544,Oreophryne_waira,DP,terrestrial_leaflitter,1.678304525,6.777670299,0.527589571,2.165756366
545,Oreophryne_waira,VP,terrestrial_leaflitter,2.832881851,14.31567883,0.496372826,3.752712584
546,Osornophryne_bufoniformis,DA,terrestrial_leaflitter,6.930759293,29.32381917,1.584524279,11.69307821
547,Osornophryne_bufoniformis,DP,terrestrial_leaflitter,5.533635656,25.56878517,1.542819589,6.474232916
548,Osornophryne_bufoniformis,VA,terrestrial_leaflitter,4.985699523,21.92984584,1.211229479,6.307125102
549,Osornophryne_bufoniformis,VP,terrestrial_leaflitter,8.190727673,29.37075767,4.090421511,12.84920514
550,Quasipaa_verrucospinosa,DA,terrestrial_torrent,3.647382153,25.250333,0.846226119,6.623133129
551,Quasipaa_verrucospinosa,DP,terrestrial_torrent,5.350598731,29.77889234,0.807156604,8.127535242
552,Quasipaa_verrucospinosa,VA,terrestrial_torrent,2.242335079,12.04933817,0.792974596,2.401010692
553,Quasipaa_verrucospinosa,VP,terrestrial_torrent,2.674734685,15.67957367,2.988402653,15.78502505
554,Paradoxophyla_palmata,DA,terrestrial_leaflitter,1.894401691,7.686555167,0.507390698,3.257897371
555,Paradoxophyla_palmata,DP,terrestrial_leaflitter,1.79171281,7.749851682,1.738117427,4.398304159
556,Paradoxophyla_palmata,VA,terrestrial_leaflitter,1.320483573,5.547193333,0.355979582,0.897059618
557,Paradoxophyla_palmata,VP,terrestrial_leaflitter,2.106690084,8.1998883,1.315167085,3.930737186
558,Rentapia_hosii,DA,arboreal,3.511502597,17.76685675,1.04499413,5.941390206
559,Rentapia_hosii,DP,arboreal,4.104101404,26.09974284,1.575459308,9.110406004
560,Rentapia_hosii,VA,arboreal,6.474627008,32.58853175,0.781441622,12.08235536
561,Rentapia_hosii,VP,arboreal,6.280021687,29.90553842,1.289954569,9.763028739
562,Pelobates_cultripes,DA,terrestrial_burrower,1.287971726,7.185876667,0.093977667,1.60749545
563,Pelobates_cultripes,DP,terrestrial_burrower,1.71395772,10.58861,0.74041664,1.637980277
564,Pelobates_cultripes,VA,terrestrial_burrower,2.732310925,10.74650767,0.850286023,2.533144876
565,Pelobates_cultripes,VP,terrestrial_burrower,2.651730687,13.13752467,0.9015268,2.740454521
566,Pelobates_fuscus,DA,terrestrial_burrower,2.172076759,11.06451728,0.941706512,3.792952889
567,Pelobates_fuscus,DP,terrestrial_burrower,1.951225389,10.20131083,0.739664254,2.829254333
568,Pelobates_fuscus,VA,terrestrial_burrower,3.085795889,12.81825275,0.98981285,3.080826394
569,Pelobates_fuscus,VP,terrestrial_burrower,3.180527713,13.80507242,1.022205247,2.668799607
570,Pelodytes_ibericus,DA,terrestrial_leaflitter,2.084778042,11.49190367,0.655677572,3.026205425
571,Pelodytes_ibericus,DP,terrestrial_leaflitter,3.152626643,17.95087967,1.457557278,12.57408226
572,Pelodytes_ibericus,VA,terrestrial_leaflitter,1.692194102,9.316839334,0.723753654,2.132087538
573,Pelodytes_ibericus,VP,terrestrial_leaflitter,4.616229519,20.0723235,1.770647862,12.02354372
574,Petropedetes_parkeri,DA,arboreal,2.753989814,10.88787808,0.914151427,3.872817121
575,Petropedetes_parkeri,DP,arboreal,3.933315677,16.78018342,1.116319998,6.389527641
576,Petropedetes_parkeri,VA,arboreal,1.958637047,12.72710674,1.109803534,9.984736548
577,Petropedetes_parkeri,VP,arboreal,3.213191826,11.26715942,2.242843426,4.357279138
578,Phrynella_pulchra,DA,terrestrial_leaflitter,2.75606168,13.14193544,0.568693659,3.570111695
579,Phrynella_pulchra,DP,terrestrial_leaflitter,2.734614259,12.70625378,0.908897323,3.718551691
580,Phrynella_pulchra,VA,terrestrial_leaflitter,2.405131228,11.75684609,1.027120909,3.782213581
581,Phrynella_pulchra,VP,terrestrial_leaflitter,2.893169581,16.4984395,1.202969523,6.445590385
582,Phrynobatrachus_natalensis,DA,terrestrial_torrent,5.562408132,25.63050133,1.033887,8.071619486
583,Phyllobates_aurotaenia,DA,terrestrial_leaflitter,1.08152313,5.827515,0.46452933,3.030581577
584,Phyllobates_aurotaenia,DP,terrestrial_leaflitter,0.835294783,5.1767762,0.48032059,2.825277132
585,Phyllobates_aurotaenia,VA,terrestrial_leaflitter,1.729640564,9.5566745,0.498545568,2.473678649
586,Phyllobates_aurotaenia,VP,terrestrial_leaflitter,2.211720576,8.940054333,0.736332159,2.236568477
587,Phyllomedusa_bicolor,DA,arboreal,1.750648454,8.251270333,1.016723963,2.187456382
588,Phyllomedusa_bicolor,DP,arboreal,2.254243236,10.293343,1.105539358,3.392069314
589,Phyllomedusa_bicolor,VA,arboreal,2.600939908,14.82440133,0.36198946,4.2785568
590,Phyllomedusa_bicolor,VP,arboreal,3.684101692,12.59922333,0.790389206,2.499411978
591,Physalaemus_ephippifer,DA,terrestrial_burrower,1.894011547,11.28637534,0.699509684,4.137993739
592,Physalaemus_ephippifer,DP,terrestrial_burrower,2.392129271,12.54757034,1.042258595,2.924955395
593,Physalaemus_ephippifer,VA,terrestrial_burrower,3.878651416,14.144536,2.042916944,4.138940031
594,Physalaemus_ephippifer,VP,terrestrial_burrower,1.617936033,7.8219576,0.351690994,3.627079146
595,Pipa_pipa,DA,aquatic,14.06224285,55.76115667,10.63155264,34.73700395
596,Pipa_pipa,DP,aquatic,9.803900005,37.07552533,1.822973461,6.64622604
597,Pipa_pipa,VA,aquatic,8.896441888,42.71852967,2.452869173,18.89561951
598,Pipa_pipa,VP,aquatic,19.56746714,58.399517,12.21113576,24.64461637
599,Platymantis_corrugatus,DA,terrestrial_leaflitter,3.245340459,13.85805122,1.451092877,4.958399473
600,Platymantis_corrugatus,DP,terrestrial_leaflitter,3.604210689,17.66763522,1.070710184,8.483369747
601,Platymantis_corrugatus,VA,terrestrial_leaflitter,2.956434662,11.61485922,1.542750795,5.121451087
602,Platymantis_corrugatus,VP,terrestrial_leaflitter,3.44713467,14.22408058,0.777852472,3.638927695
603,Platymantis_hazelae,DA,terrestrial_leaflitter,1.390038371,6.184287584,0.627747123,3.575051127
604,Platymantis_hazelae,DP,terrestrial_leaflitter,1.484601398,7.261645667,0.525653388,2.028787703
605,Platymantis_hazelae,VA,terrestrial_leaflitter,3.420717131,11.04424167,1.494970444,3.075206304
606,Platymantis_hazelae,VP,terrestrial_leaflitter,4.494706035,15.1074655,1.871464251,4.319891778
607,Cornufer_papuensis,DA,terrestrial_leaflitter,2.171006712,11.03820237,1.918652121,7.21303326
608,Cornufer_papuensis,DP,terrestrial_leaflitter,NA,8.9048555,NA,4.666877179
609,Cornufer_papuensis,VA,terrestrial_leaflitter,1.084582315,5.377940767,0.342846623,1.811014471
610,Cornufer_papuensis,VP,terrestrial_leaflitter,2.856413645,9.284823,1.936249209,4.843864107
611,Platypelis_tuberifera,DA,arboreal,0.777940847,5.5836599,0.110200504,2.326302049
612,Platypelis_tuberifera,DP,arboreal,1.134153605,5.943911333,0.486964821,0.71656831
613,Platypelis_tuberifera,VA,arboreal,1.202289485,5.781126333,0.332812229,1.218525163
614,Platypelis_tuberifera,VP,arboreal,0.951181236,7.476424333,0.214459941,1.768543951
615,Plethodontohyla_brevipes,DA,terrestrial_burrower,2.351870721,11.96925817,0.331776857,2.456491741
616,Plethodontohyla_brevipes,DP,terrestrial_burrower,1.558152975,7.103205834,0.389164742,0.593335837
617,Plethodontohyla_brevipes,VA,terrestrial_burrower,0.984469319,6.781323534,0.175050188,2.006050522
618,Plethodontohyla_brevipes,VP,terrestrial_burrower,1.13427949,7.969410984,0.391353387,3.361836966
619,Plethodontohyla_inguinalis,DA,arboreal,0.885536802,6.4818321,0.28983978,3.540744847
620,Plethodontohyla_inguinalis,DP,arboreal,1.628063334,7.342699967,1.497467633,3.499047164
621,Plethodontohyla_inguinalis,VA,arboreal,1.510215577,9.784204,0.874496223,1.411807542
622,Plethodontohyla_inguinalis,VP,arboreal,0.999756932,7.698563133,0.272198241,1.667001534
623,Pseudophryne_bibronii,DA,terrestrial_leaflitter,10.52625395,60.03254033,8.317707165,71.35781352
624,Pseudophryne_bibronii,VP,terrestrial_leaflitter,3.809734601,20.030629,0.802126826,15.11905169
625,Ptychadena_aequiplicata,DA,terrestrial_leaflitter,1.58658304,8.155315,0.181549575,3.09328487
626,Ptychadena_aequiplicata,DP,terrestrial_leaflitter,3.250595301,10.36268653,2.819187605,6.634021847
627,Ptychadena_aequiplicata,VA,terrestrial_leaflitter,0.971131653,6.977946367,0.398949841,3.427370891
628,Ptychadena_aequiplicata,VP,terrestrial_leaflitter,3.696665962,15.94249667,1.394940067,9.939932144
629,Ptychadena_bibroni,DA,semiaquatic,2.265476769,10.15055258,1.292580223,3.61337079
630,Ptychadena_bibroni,DP,semiaquatic,4.39290944,16.18548967,2.275202111,6.765660359
631,Ptychadena_bibroni,VA,semiaquatic,1.526528779,6.491220625,0.733093968,2.173944103
632,Ptychadena_bibroni,VP,semiaquatic,2.496268298,11.68803455,1.554600282,6.434864093
633,Ptychadena_longirostris,DA,semiaquatic,2.641702257,9.78143391,1.127421174,3.083087433
634,Ptychadena_longirostris,DP,semiaquatic,3.759207619,18.28865978,1.872396371,10.22134796
635,Ptychadena_longirostris,VA,semiaquatic,3.457806069,14.08294406,0.709373577,2.652325641
636,Ptychadena_longirostris,VP,semiaquatic,2.189341963,8.583243034,1.143467774,2.848803031
637,Ptychadena_oxyrhynchus,DA,semiaquatic,2.927499497,14.34629292,1.143042349,5.574527576
638,Ptychadena_oxyrhynchus,DP,semiaquatic,5.961975206,22.54895967,1.902636385,5.782165356
639,Ptychadena_oxyrhynchus,VA,semiaquatic,1.387091716,7.26083955,0.516181802,3.511045072
640,Ptychadena_oxyrhynchus,VP,semiaquatic,1.560644033,7.168527633,0.474252929,2.530075143
641,Rhinoderma_darwinii,DA,terrestrial_leaflitter,1.213846628,6.874411443,0.655594475,2.648072587
642,Rhinoderma_darwinii,DP,terrestrial_leaflitter,1.187615374,6.437305168,0.601980453,3.204949143
643,Rhinoderma_darwinii,VA,terrestrial_leaflitter,1.610556975,8.489198651,0.720411408,3.787940078
644,Rhinoderma_darwinii,VP,terrestrial_leaflitter,1.711840978,7.028317242,0.856686131,2.632500386
645,Rhinophrynus_dorsalis,DA,terrestrial_burrower,2.680386017,12.03498525,0.994521684,5.034655373
646,Rhinophrynus_dorsalis,DP,terrestrial_burrower,3.050254002,12.12000922,0.941269995,3.91869616
647,Rhinophrynus_dorsalis,VA,terrestrial_burrower,4.960866936,21.97177592,0.596375594,4.713096174
648,Rhinophrynus_dorsalis,VP,terrestrial_burrower,5.206356739,22.85030752,1.812383416,8.94726796
649,Sabahphrynus_maculatus,DA,terrestrial_torrent,3.908022863,21.106728,1.156408934,9.552988737
650,Sabahphrynus_maculatus,DP,terrestrial_torrent,10.48401401,44.40721483,3.711029156,10.72017158
651,Sabahphrynus_maculatus,VA,terrestrial_torrent,7.159809914,37.94546117,1.967120651,14.08061052
652,Sabahphrynus_maculatus,VP,terrestrial_torrent,6.99992687,33.21605825,2.277674362,12.24847684
653,Scaphiopus_couchii,DA,terrestrial_burrower,3.372926558,15.91390883,0.854427688,4.032961731
654,Scaphiopus_couchii,DP,terrestrial_burrower,3.579851292,22.56855375,0.954351624,7.241208041
655,Scaphiopus_couchii,VA,terrestrial_burrower,3.290930501,15.43760092,1.08358936,4.207882899
656,Scaphiopus_couchii,VP,terrestrial_burrower,3.85629018,15.55258825,1.177599827,4.338094704
657,Scaphiopus_holbrookii,DA,terrestrial_burrower,5.084306293,22.21244592,1.576436712,5.256862759
658,Scaphiopus_holbrookii,DP,terrestrial_burrower,5.022322305,24.20635984,1.138030593,5.912633645
659,Scaphiopus_holbrookii,VA,terrestrial_burrower,4.063654242,20.1271826,1.889917343,12.71446601
660,Scaphiopus_holbrookii,VP,terrestrial_burrower,2.70263077,13.09473627,0.688001796,3.575387367
661,Scarthyla_goinorum,DA,arboreal,2.319584007,9.871562911,0.818845071,2.289692748
662,Scarthyla_goinorum,DP,arboreal,2.775248721,10.72194844,1.211486471,4.281721597
663,Scarthyla_goinorum,VA,arboreal,4.957242007,17.43961417,1.0245935,2.927696637
664,Scarthyla_goinorum,VP,arboreal,4.700663212,18.00891867,1.649176204,7.464317715
665,Scotobleps_gabonicus,DA,terrestrial_leaflitter,1.901017088,9.1944624,1.327902507,3.826844009
666,Scotobleps_gabonicus,DP,terrestrial_leaflitter,3.217456369,12.61167617,1.820035801,6.65504564
667,Scotobleps_gabonicus,VA,terrestrial_leaflitter,0.99443846,4.3448148,0.21654505,1.299623238
668,Scotobleps_gabonicus,VP,terrestrial_leaflitter,2.052227642,9.177416,0.689970414,5.075799141
669,Scutiger_boulengeri,DA,terrestrial_torrent,3.375219472,16.11802442,1.347114662,3.411928999
670,Scutiger_boulengeri,DP,terrestrial_torrent,3.751888202,15.60580657,1.532922233,6.081915691
671,Scutiger_boulengeri,VA,terrestrial_torrent,3.983444324,13.35285202,2.390680775,5.929531349
672,Scutiger_boulengeri,VP,terrestrial_torrent,3.168630701,20.04924475,0.879568979,6.122666131
673,Scutiger_glandulatus,DA,terrestrial_leaflitter,3.645085802,13.71792367,1.923823441,4.089916586
674,Scutiger_glandulatus,DP,terrestrial_leaflitter,4.771006618,17.754758,1.614378375,1.541366854
675,Scutiger_glandulatus,VA,terrestrial_leaflitter,1.359403185,6.858756333,0.452395587,2.022183452
676,Scutiger_glandulatus,VP,terrestrial_leaflitter,1.112137192,10.839285,0.154960899,3.53902346
677,Xenopus_tropicalis,DA,aquatic,1.144018842,5.305760633,0.758948509,1.511481426
678,Xenopus_tropicalis,DP,aquatic,1.328398235,9.642997667,0.558477543,6.154297609
679,Xenopus_tropicalis,VA,aquatic,1.093985988,7.429385,0.339641562,1.68236938
680,Xenopus_tropicalis,VP,aquatic,3.331941742,15.52687967,2.52100779,4.471765306
681,Spea_hammondii,DA,terrestrial_burrower,3.536680968,16.38511484,1.631211302,7.098077688
682,Spea_hammondii,DP,terrestrial_burrower,3.491682734,15.673703,1.762058446,7.102328824
683,Spea_hammondii,VA,terrestrial_burrower,2.806539034,13.05217708,0.65632249,5.112794054
684,Spea_hammondii,VP,terrestrial_burrower,4.273653981,17.39723878,1.707487656,7.770083156
685,Spea_intermontana,DA,terrestrial_burrower,5.472440137,23.466995,1.679758921,6.048608942
686,Spea_intermontana,DP,terrestrial_burrower,6.793947724,27.35874683,2.232742876,6.940713299
687,Spea_intermontana,VA,terrestrial_burrower,4.432868186,18.04440711,0.624689393,4.432289277
688,Spea_intermontana,VP,terrestrial_burrower,6.259944709,25.32087355,0.948067231,6.679804202
689,Tachycnemis_seychellensis,VA,arboreal,8.248691505,41.43664233,4.384997582,17.4328804
690,Tachycnemis_seychellensis,VP,arboreal,1.918291552,7.133891667,1.221480487,2.483022756
691,Taudactylus_acutirostris,DA,terrestrial_torrent,4.093484431,18.83446267,3.452516388,12.36558247
692,Taudactylus_acutirostris,DP,terrestrial_torrent,1.60152457,12.13789045,0.701577368,2.975595999
693,Taudactylus_acutirostris,VA,terrestrial_torrent,2.178716661,11.580483,0.974758044,4.217021585
694,Taudactylus_acutirostris,VP,terrestrial_torrent,2.353396701,11.80070367,1.390380212,6.63645572
695,Telmatobius_marmoratus,DA,aquatic,2.398491764,11.65605539,1.113762451,4.365924892
696,Telmatobius_marmoratus,DP,aquatic,4.104907074,16.98689067,2.050500927,6.875697306
697,Telmatobius_marmoratus,VA,aquatic,2.121354529,10.41247519,0.844417913,2.836376467
698,Telmatobius_marmoratus,VP,aquatic,1.296693626,8.310796063,0.446881769,3.135302408
699,Teratohyla_pulverata,DA,arboreal,2.619738972,8.918317,1.561802717,4.086498813
700,Teratohyla_pulverata,VA,arboreal,5.991998943,16.00387567,0.442265612,2.234680721
701,Teratohyla_pulverata,VP,arboreal,5.358209955,19.995807,1.082588727,4.872462211
702,Teratohyla_spinosa,DA,arboreal,1.610667414,7.071483208,0.597731215,2.188735356
703,Teratohyla_spinosa,DP,arboreal,1.746597173,7.725835633,0.997588902,3.909104201
704,Teratohyla_spinosa,VA,arboreal,4.288899578,16.49850211,0.555275741,3.138985971
705,Teratohyla_spinosa,VP,arboreal,4.257518327,14.85803225,0.702915618,3.182341436
706,Theloderma_corticale,DA,semiaquatic,6.127462341,24.70192344,2.210555426,4.600144488
707,Theloderma_corticale,DP,semiaquatic,6.121192905,24.43444078,2.209227396,6.414133918
708,Theloderma_corticale,VA,semiaquatic,3.220031773,14.83640511,1.494773821,6.144771032
709,Theloderma_corticale,VP,semiaquatic,5.616238563,24.41593255,3.451311555,8.26550744
710,Theloderma_stellatum,DA,semiaquatic,6.241937992,28.63040017,2.730759138,13.67544969
711,Theloderma_stellatum,DP,semiaquatic,3.487085739,26.49097,0.804058113,7.748972357
712,Theloderma_stellatum,VA,semiaquatic,3.059145225,12.84070657,0.82861121,4.048790481
713,Theloderma_stellatum,VP,semiaquatic,3.691404616,19.094358,1.581051081,8.016639889
714,Tomopterna_cryptotis,DA,terrestrial_burrower,1.488718173,8.9248025,0.969259554,6.685389782
715,Tomopterna_cryptotis,DP,terrestrial_burrower,2.441426958,11.81744367,1.890102261,6.552596248
716,Tomopterna_cryptotis,VA,terrestrial_burrower,1.474250972,7.1599279,1.126203634,3.881336326
717,Tomopterna_cryptotis,VP,terrestrial_burrower,0.724656854,5.512722267,0.033279155,2.174928031
718,Trichobatrachus_robustus,DA,NA,3.159180934,15.28275433,0.821685385,7.016467044
719,Trichobatrachus_robustus,DP,NA,3.63739957,14.0959295,2.796422971,4.886454863
720,Trichobatrachus_robustus,VA,NA,1.39198183,6.634427734,0.781134977,2.160819548
721,Trichobatrachus_robustus,VP,NA,1.22546528,6.450353367,1.32244995,2.581279121
722,Triprion_petasatus,DA,arboreal,1.090161529,5.783267808,0.185525278,0.756971395
723,Triprion_petasatus,DP,arboreal,0.868987627,6.636989517,0.325079366,3.621049943
724,Triprion_petasatus,VA,arboreal,3.496071838,16.01651617,0.959043616,3.672922693
725,Triprion_petasatus,VP,arboreal,7.17201517,29.96994417,1.929661126,9.378166596
726,Triprion_spatulatus,DA,arboreal,1.354580731,7.109702009,0.375586167,2.520393586
727,Triprion_spatulatus,DP,arboreal,2.039402089,9.871672116,0.506492539,1.85564046
728,Triprion_spatulatus,VA,arboreal,6.072496704,31.66475275,2.118231738,16.56551714
729,Triprion_spatulatus,VP,arboreal,5.580810269,30.33464366,1.71779683,13.26011918
730,Xenopus_laevis,DA,aquatic,1.692613791,11.92303283,0.182703312,3.15593356
731,Xenopus_laevis,DP,aquatic,2.198332023,16.678725,0.255212047,4.218740366
732,Xenopus_laevis,VA,aquatic,1.304922375,8.916887334,0.244792324,3.197290579
733,Xenopus_laevis,VP,aquatic,1.389330084,12.59507417,0.224256381,3.219020021
734,Xenopus_muelleri,DA,aquatic,0.821922926,4.330945433,0.305288323,0.882026674
735,Xenopus_muelleri,DP,aquatic,1.493922701,11.2113376,0.527370457,5.674816091
736,Xenopus_muelleri,VA,aquatic,1.627024266,9.750647333,0.242386835,0.86813763
737,Xenopus_muelleri,VP,aquatic,3.123725013,19.19928767,2.300166743,16.20766171